,full
H_position_only_none,-0.6055948237203443
H_position_only_gender,-0.7026372546926052
H_position_only_a_build_time,-0.75988062952444
H_position_only_b_build_time,-0.6055948237203443
H_position_only_gender_a_build_time,-0.7856883555062038
H_position_only_gender_b_build_time,-0.7026372546926052
H_position_only_a_build_time_b_build_time,-0.75988062952444
H_position_only_all,-0.7856883555062038
H_euler_only_none,-0.25244826923487595
H_euler_only_gender,-0.4184607828482354
H_euler_only_a_build_time,-0.35783168549403177
H_euler_only_b_build_time,-0.25244826923487595
H_euler_only_gender_a_build_time,-0.4115772277862011
H_euler_only_gender_b_build_time,-0.4184607828482354
H_euler_only_a_build_time_b_build_time,-0.35783168549403177
H_euler_only_all,-0.4115772277862011
H_quat_only_none,-0.6145636251041025
H_quat_only_gender,-0.6734886501953918
H_quat_only_a_build_time,-0.6428153494629396
H_quat_only_b_build_time,-0.6145636251041025
H_quat_only_gender_a_build_time,-0.5898994212987678
H_quat_only_gender_b_build_time,-0.6734886501953918
H_quat_only_a_build_time_b_build_time,-0.6428153494629396
H_quat_only_all,-0.5898994212987678
H_sixD_only_none,-0.4940229345063958
H_sixD_only_gender,-0.4757265796835297
H_sixD_only_a_build_time,-0.520794806636913
H_sixD_only_b_build_time,-0.4940229345063958
H_sixD_only_gender_a_build_time,-0.4629236157082153
H_sixD_only_gender_b_build_time,-0.4757265796835297
H_sixD_only_a_build_time_b_build_time,-0.520794806636913
H_sixD_only_all,-0.4629236157082153
H_position_euler_none,-0.5850338465480796
H_position_euler_gender,-0.580347647825066
H_position_euler_a_build_time,-0.49110807405667467
H_position_euler_b_build_time,-0.5850338465480796
H_position_euler_gender_a_build_time,-0.44615195712058786
H_position_euler_gender_b_build_time,-0.580347647825066
H_position_euler_a_build_time_b_build_time,-0.49110807405667467
H_position_euler_all,-0.44615195712058786
H_position_quat_none,-0.6054378696961289
H_position_quat_gender,-0.6533985350957741
H_position_quat_a_build_time,-0.5729708086869247
H_position_quat_b_build_time,-0.6054378696961289
H_position_quat_gender_a_build_time,-0.574742146960217
H_position_quat_gender_b_build_time,-0.6533985350957741
H_position_quat_a_build_time_b_build_time,-0.5729708086869247
H_position_quat_all,-0.574742146960217
H_position_sixD_none,-0.5337547246364436
H_position_sixD_gender,-0.5289339938926736
H_position_sixD_a_build_time,-0.5348534028059537
H_position_sixD_b_build_time,-0.5337547246364436
H_position_sixD_gender_a_build_time,-0.5024984518140472
H_position_sixD_gender_b_build_time,-0.5289339938926736
H_position_sixD_a_build_time_b_build_time,-0.5348534028059537
H_position_sixD_all,-0.5024984518140472
H_euler_quat_none,-0.3261942386128256
H_euler_quat_gender,-0.43130859083046835
H_euler_quat_a_build_time,-0.21345640521898845
H_euler_quat_b_build_time,-0.3261942386128256
H_euler_quat_gender_a_build_time,-0.37516389416814366
H_euler_quat_gender_b_build_time,-0.43130859083046835
H_euler_quat_a_build_time_b_build_time,-0.21345640521898845
H_euler_quat_all,-0.37516389416814366
H_euler_sixD_none,-0.32462469837066776
H_euler_sixD_gender,-0.3736167759294453
H_euler_sixD_a_build_time,-0.33045441927011043
H_euler_sixD_b_build_time,-0.32462469837066776
H_euler_sixD_gender_a_build_time,-0.3708140254970209
H_euler_sixD_gender_b_build_time,-0.3736167759294453
H_euler_sixD_a_build_time_b_build_time,-0.33045441927011043
H_euler_sixD_all,-0.3708140254970209
H_quat_sixD_none,-0.5286200858442416
H_quat_sixD_gender,-0.5469164406671083
H_quat_sixD_a_build_time,-0.5318488543423947
H_quat_sixD_b_build_time,-0.5286200858442416
H_quat_sixD_gender_a_build_time,-0.49373144846142347
H_quat_sixD_gender_b_build_time,-0.5469164406671083
H_quat_sixD_a_build_time_b_build_time,-0.5318488543423947
H_quat_sixD_all,-0.49373144846142347
H_position_euler_quat_none,-0.3932360289564161
H_position_euler_quat_gender,-0.41763116872023764
H_position_euler_quat_a_build_time,-0.41747421469602175
H_position_euler_quat_b_build_time,-0.3932360289564161
H_position_euler_quat_gender_a_build_time,-0.38993999444788474
H_position_euler_quat_gender_b_build_time,-0.41763116872023764
H_position_euler_quat_a_build_time_b_build_time,-0.41747421469602175
H_position_euler_quat_all,-0.38993999444788474
H_position_euler_sixD_none,-0.4486856435114992
H_position_euler_sixD_gender,-0.44924619359798457
H_position_euler_sixD_a_build_time,-0.4366674496572638
H_position_euler_sixD_b_build_time,-0.4486856435114992
H_position_euler_sixD_gender_a_build_time,-0.4569593627880162
H_position_euler_sixD_gender_b_build_time,-0.44924619359798457
H_position_euler_sixD_a_build_time_b_build_time,-0.4366674496572638
H_position_euler_sixD_all,-0.4569593627880162
H_position_quat_sixD_none,-0.39276516688376883
H_position_quat_sixD_gender,-0.43312477311067954
H_position_quat_sixD_a_build_time,-0.3991105938627777
H_position_quat_sixD_b_build_time,-0.39276516688376883
H_position_quat_sixD_gender_a_build_time,-0.440636144269577
H_position_quat_sixD_gender_b_build_time,-0.43312477311067954
H_position_quat_sixD_a_build_time_b_build_time,-0.3991105938627777
H_position_quat_sixD_all,-0.440636144269577
H_euler_quat_sixD_none,-0.41023190757863737
H_euler_quat_sixD_gender,-0.4157925644365674
H_euler_quat_sixD_a_build_time,-0.37202481368382845
H_euler_quat_sixD_b_build_time,-0.41023190757863737
H_euler_quat_sixD_gender_a_build_time,-0.38314612739968834
H_euler_quat_sixD_gender_b_build_time,-0.4157925644365674
H_euler_quat_sixD_a_build_time_b_build_time,-0.37202481368382845
H_euler_quat_sixD_all,-0.38314612739968834
H_position_euler_quat_sixD_none,-0.4665111362617185
H_position_euler_quat_sixD_gender,-0.4286403724188006
H_position_euler_quat_sixD_a_build_time,-0.4478560293835019
H_position_euler_quat_sixD_b_build_time,-0.4665111362617185
H_position_euler_quat_sixD_gender_a_build_time,-0.4564436567084502
H_position_euler_quat_sixD_gender_b_build_time,-0.4286403724188006
H_position_euler_quat_sixD_a_build_time_b_build_time,-0.4478560293835019
H_position_euler_quat_sixD_all,-0.4564436567084502
L_position_only_none,-0.5454590104422474
L_position_only_gender,-0.39431228512246674
L_position_only_a_build_time,-0.4833276388562646
L_position_only_b_build_time,-0.5454590104422474
L_position_only_gender_a_build_time,-0.5078573106408424
L_position_only_gender_b_build_time,-0.39431228512246674
L_position_only_a_build_time_b_build_time,-0.4833276388562646
L_position_only_all,-0.5078573106408424
L_euler_only_none,-0.4361517435776976
L_euler_only_gender,-0.4061959469559462
L_euler_only_a_build_time,-0.5589794785282625
L_euler_only_b_build_time,-0.4361517435776976
L_euler_only_gender_a_build_time,-0.4179002327617505
L_euler_only_gender_b_build_time,-0.4061959469559462
L_euler_only_a_build_time_b_build_time,-0.5589794785282625
L_euler_only_all,-0.4179002327617505
L_quat_only_none,-0.6126353328065945
L_quat_only_gender,-0.731292575113712
L_quat_only_a_build_time,-0.8210702769651288
L_quat_only_b_build_time,-0.6126353328065945
L_quat_only_gender_a_build_time,-0.7344316555980273
L_quat_only_gender_b_build_time,-0.731292575113712
L_quat_only_a_build_time_b_build_time,-0.8210702769651288
L_quat_only_all,-0.7344316555980273
L_sixD_only_none,-0.6488692903969762
L_sixD_only_gender,-0.6755738965171154
L_sixD_only_a_build_time,-0.6094514083153602
L_sixD_only_b_build_time,-0.6488692903969762
L_sixD_only_gender_a_build_time,-0.6441382476670441
L_sixD_only_gender_b_build_time,-0.6755738965171154
L_sixD_only_a_build_time_b_build_time,-0.6094514083153602
L_sixD_only_all,-0.6441382476670441
L_position_euler_none,-0.4768925238634183
L_position_euler_gender,-0.43920113604817534
L_position_euler_a_build_time,-0.5499882551410453
L_position_euler_b_build_time,-0.4768925238634183
L_position_euler_gender_a_build_time,-0.38837045420572713
L_position_euler_gender_b_build_time,-0.43920113604817534
L_position_euler_a_build_time_b_build_time,-0.5499882551410453
L_position_euler_all,-0.38837045420572713
L_position_quat_none,-0.5898097332849304
L_position_quat_gender,-0.5439343142070088
L_position_quat_a_build_time,-0.6743855303337676
L_position_quat_b_build_time,-0.5898097332849304
L_position_quat_gender_a_build_time,-0.6064468598518011
L_position_quat_gender_b_build_time,-0.5439343142070088
L_position_quat_a_build_time_b_build_time,-0.6743855303337676
L_position_quat_all,-0.6064468598518011
L_position_sixD_none,-0.4339095432317581
L_position_sixD_gender,-0.4234160456127616
L_position_sixD_a_build_time,-0.4860182792713914
L_position_sixD_b_build_time,-0.4339095432317581
L_position_sixD_gender_a_build_time,-0.45821499498174223
L_position_sixD_gender_b_build_time,-0.4234160456127616
L_position_sixD_a_build_time_b_build_time,-0.4860182792713914
L_position_sixD_all,-0.45821499498174223
L_euler_quat_none,-0.6519635268743731
L_euler_quat_gender,-0.7742082897349933
L_euler_quat_a_build_time,-0.6531967370646397
L_euler_quat_b_build_time,-0.6519635268743731
L_euler_quat_gender_a_build_time,-0.684183945845523
L_euler_quat_gender_b_build_time,-0.7742082897349933
L_euler_quat_a_build_time_b_build_time,-0.6531967370646397
L_euler_quat_all,-0.684183945845523
L_euler_sixD_none,-0.6742061543060927
L_euler_sixD_gender,-0.6651476649084973
L_euler_sixD_a_build_time,-0.6901033547588034
L_euler_sixD_b_build_time,-0.6742061543060927
L_euler_sixD_gender_a_build_time,-0.6721657519912876
L_euler_sixD_gender_b_build_time,-0.6651476649084973
L_euler_sixD_a_build_time_b_build_time,-0.6901033547588034
L_euler_sixD_all,-0.6721657519912876
L_quat_sixD_none,-0.6712464498494524
L_quat_sixD_gender,-0.6550801853552286
L_quat_sixD_a_build_time,-0.7079064255055629
L_quat_sixD_b_build_time,-0.6712464498494524
L_quat_sixD_gender_a_build_time,-0.7096329197719364
L_quat_sixD_gender_b_build_time,-0.6550801853552286
L_quat_sixD_a_build_time_b_build_time,-0.7079064255055629
L_quat_sixD_all,-0.7096329197719364
L_position_euler_quat_none,-0.5407055457088557
L_position_euler_quat_gender,-0.5331493305430397
L_position_euler_quat_a_build_time,-0.5480375408400779
L_position_euler_quat_b_build_time,-0.5407055457088557
L_position_euler_quat_gender_a_build_time,-0.5836436823335966
L_position_euler_quat_gender_b_build_time,-0.5331493305430397
L_position_euler_quat_a_build_time_b_build_time,-0.5480375408400779
L_position_euler_quat_all,-0.5836436823335966
L_position_euler_sixD_none,-0.41404364816673445
L_position_euler_sixD_gender,-0.3997832539665591
L_position_euler_sixD_a_build_time,-0.4791795682162763
L_position_euler_sixD_b_build_time,-0.41404364816673445
L_position_euler_sixD_gender_a_build_time,-0.4306583527301462
L_position_euler_sixD_gender_b_build_time,-0.3997832539665591
L_position_euler_sixD_a_build_time_b_build_time,-0.4791795682162763
L_position_euler_sixD_all,-0.4306583527301462
L_position_quat_sixD_none,-0.5131937474641783
L_position_quat_sixD_gender,-0.4827670887697797
L_position_quat_sixD_a_build_time,-0.5847647825065665
L_position_quat_sixD_b_build_time,-0.5131937474641783
L_position_quat_sixD_gender_a_build_time,-0.544405176279656
L_position_quat_sixD_gender_b_build_time,-0.4827670887697797
L_position_quat_sixD_a_build_time_b_build_time,-0.5847647825065665
L_position_quat_sixD_all,-0.544405176279656
L_euler_quat_sixD_none,-0.7599927395417372
L_euler_quat_sixD_gender,-0.756405218988234
L_euler_quat_sixD_a_build_time,-0.7494095539089027
L_euler_quat_sixD_b_build_time,-0.7599927395417372
L_euler_quat_sixD_gender_a_build_time,-0.6923455551047428
L_euler_quat_sixD_gender_b_build_time,-0.756405218988234
L_euler_quat_sixD_a_build_time_b_build_time,-0.7494095539089027
L_euler_quat_sixD_all,-0.6923455551047428
L_position_euler_quat_sixD_none,-0.5653697495141901
L_position_euler_quat_sixD_gender,-0.5524546755215787
L_position_euler_quat_sixD_a_build_time,-0.5220055948237203
L_position_euler_quat_sixD_b_build_time,-0.5653697495141901
L_position_euler_quat_sixD_gender_a_build_time,-0.5903030173610371
L_position_euler_quat_sixD_gender_b_build_time,-0.5524546755215787
L_position_euler_quat_sixD_a_build_time_b_build_time,-0.5220055948237203
L_position_euler_quat_sixD_all,-0.5903030173610371
R_position_only_none,-0.45108479788165456
R_position_only_gender,-0.4237299536611929
R_position_only_a_build_time,-0.519158000384377
R_position_only_b_build_time,-0.45108479788165456
R_position_only_gender_a_build_time,-0.5385978773836724
R_position_only_gender_b_build_time,-0.4237299536611929
R_position_only_a_build_time_b_build_time,-0.519158000384377
R_position_only_all,-0.5385978773836724
R_euler_only_none,-0.5777691174272355
R_euler_only_gender,-0.5353915308889792
R_euler_only_a_build_time,-0.38774263810886445
R_euler_only_b_build_time,-0.5777691174272355
R_euler_only_gender_a_build_time,-0.5258173354118176
R_euler_only_gender_b_build_time,-0.5353915308889792
R_euler_only_a_build_time_b_build_time,-0.38774263810886445
R_euler_only_all,-0.5258173354118176
R_quat_only_none,-0.4727220312199707
R_quat_only_gender,-0.419649149031583
R_quat_only_a_build_time,-0.5034177539558822
R_quat_only_b_build_time,-0.4727220312199707
R_quat_only_gender_a_build_time,-0.4839106109462088
R_quat_only_gender_b_build_time,-0.419649149031583
R_quat_only_a_build_time_b_build_time,-0.5034177539558822
R_quat_only_all,-0.4839106109462088
R_sixD_only_none,-0.6213350701488396
R_sixD_only_gender,-0.559293386576694
R_sixD_only_a_build_time,-0.6308419996156229
R_sixD_only_b_build_time,-0.6213350701488396
R_sixD_only_gender_a_build_time,-0.570325012278716
R_sixD_only_gender_b_build_time,-0.559293386576694
R_sixD_only_a_build_time_b_build_time,-0.6308419996156229
R_sixD_only_all,-0.570325012278716
R_position_euler_none,-0.32227038800743135
R_position_euler_gender,-0.33576843408998713
R_position_euler_a_build_time,-0.41698093061991526
R_position_euler_b_build_time,-0.32227038800743135
R_position_euler_gender_a_build_time,-0.4057475068867582
R_position_euler_gender_b_build_time,-0.33576843408998713
R_position_euler_a_build_time_b_build_time,-0.41698093061991526
R_position_euler_all,-0.4057475068867582
R_position_quat_none,-0.36700228490892406
R_position_quat_gender,-0.23901748916269838
R_position_quat_a_build_time,-0.430591086719768
R_position_quat_b_build_time,-0.36700228490892406
R_position_quat_gender_a_build_time,-0.29587968993572344
R_position_quat_gender_b_build_time,-0.23901748916269838
R_position_quat_a_build_time_b_build_time,-0.430591086719768
R_position_quat_all,-0.29587968993572344
R_position_sixD_none,-0.2831439919707872
R_position_sixD_gender,-0.30117128275214067
R_position_sixD_a_build_time,-0.3792895428046723
R_position_sixD_b_build_time,-0.2831439919707872
R_position_sixD_gender_a_build_time,-0.3683476051164878
R_position_sixD_gender_b_build_time,-0.30117128275214067
R_position_sixD_a_build_time_b_build_time,-0.3792895428046723
R_position_sixD_all,-0.3683476051164878
R_euler_quat_none,-0.3707467594866427
R_euler_quat_gender,-0.25639454184372945
R_euler_quat_a_build_time,-0.49675841892844175
R_euler_quat_b_build_time,-0.3707467594866427
R_euler_quat_gender_a_build_time,-0.4231245595677895
R_euler_quat_gender_b_build_time,-0.25639454184372945
R_euler_quat_a_build_time_b_build_time,-0.49675841892844175
R_euler_quat_all,-0.4231245595677895
R_euler_sixD_none,-0.4132140340387367
R_euler_sixD_gender,-0.37839266266629656
R_euler_sixD_a_build_time,-0.42290033953319517
R_euler_sixD_b_build_time,-0.4132140340387367
R_euler_sixD_gender_a_build_time,-0.38592645582865304
R_euler_sixD_gender_b_build_time,-0.37839266266629656
R_euler_sixD_a_build_time_b_build_time,-0.42290033953319517
R_euler_sixD_all,-0.38592645582865304
R_quat_sixD_none,-0.5713788464413083
R_quat_sixD_gender,-0.4952785667001218
R_quat_sixD_a_build_time,-0.6503042986183778
R_quat_sixD_b_build_time,-0.5713788464413083
R_quat_sixD_gender_a_build_time,-0.6243171966089389
R_quat_sixD_gender_b_build_time,-0.4952785667001218
R_quat_sixD_a_build_time_b_build_time,-0.6503042986183778
R_quat_sixD_all,-0.6243171966089389
R_position_euler_quat_none,-0.3409030728821887
R_position_euler_quat_gender,-0.2110348288453736
R_position_euler_quat_a_build_time,-0.37417732601593046
R_position_euler_quat_b_build_time,-0.3409030728821887
R_position_euler_quat_gender_a_build_time,-0.22906211962672707
R_position_euler_quat_gender_b_build_time,-0.2110348288453736
R_position_euler_quat_a_build_time_b_build_time,-0.37417732601593046
R_position_euler_quat_all,-0.22906211962672707
R_position_euler_sixD_none,-0.22520553503171126
R_position_euler_sixD_gender,-0.17614619146255528
R_position_euler_sixD_a_build_time,-0.3075391317346088
R_position_euler_sixD_b_build_time,-0.22520553503171126
R_position_euler_sixD_gender_a_build_time,-0.2517531871276346
R_position_euler_sixD_gender_b_build_time,-0.17614619146255528
R_position_euler_sixD_a_build_time_b_build_time,-0.3075391317346088
R_position_euler_sixD_all,-0.2517531871276346
R_position_quat_sixD_none,-0.3678991650472998
R_position_quat_sixD_gender,-0.4342682952871084
R_position_quat_sixD_a_build_time,-0.41964914903158324
R_position_quat_sixD_b_build_time,-0.3678991650472998
R_position_quat_sixD_gender_a_build_time,-0.3500512502936213
R_position_quat_sixD_gender_b_build_time,-0.4342682952871084
R_position_quat_sixD_a_build_time_b_build_time,-0.41964914903158324
R_position_quat_sixD_all,-0.3500512502936213
R_euler_quat_sixD_none,-0.4512865959127892
R_euler_quat_sixD_gender,-0.3755002242200347
R_euler_quat_sixD_a_build_time,-0.47265476520959226
R_euler_quat_sixD_b_build_time,-0.4512865959127892
R_euler_quat_sixD_gender_a_build_time,-0.46808067650387586
R_euler_quat_sixD_gender_b_build_time,-0.3755002242200347
R_euler_quat_sixD_a_build_time_b_build_time,-0.47265476520959226
R_euler_quat_sixD_all,-0.46808067650387586
R_position_euler_quat_sixD_none,-0.34135151295137645
R_position_euler_quat_sixD_gender,-0.36233850818936975
R_position_euler_quat_sixD_a_build_time,-0.3939086890601977
R_position_euler_quat_sixD_b_build_time,-0.34135151295137645
R_position_euler_quat_sixD_gender_a_build_time,-0.35839223558051647
R_position_euler_quat_sixD_gender_b_build_time,-0.36233850818936975
R_position_euler_quat_sixD_a_build_time_b_build_time,-0.3939086890601977
R_position_euler_quat_sixD_all,-0.35839223558051647
H+L_position_only_none,-0.26020628243182653
H+L_position_only_gender,-0.2968886800913966
H+L_position_only_a_build_time,-0.24011616733220875
H+L_position_only_b_build_time,-0.26020628243182653
H+L_position_only_gender_a_build_time,-0.2376049029447569
H+L_position_only_gender_b_build_time,-0.2968886800913966
H+L_position_only_a_build_time_b_build_time,-0.24011616733220875
H+L_position_only_all,-0.2376049029447569
H+L_euler_only_none,-0.4633047897670246
H+L_euler_only_gender,-0.47516602959704457
H+L_euler_only_a_build_time,-0.49155651412586243
H+L_euler_only_b_build_time,-0.4633047897670246
H+L_euler_only_gender_a_build_time,-0.36982745734480793
H+L_euler_only_gender_b_build_time,-0.47516602959704457
H+L_euler_only_a_build_time_b_build_time,-0.49155651412586243
H+L_euler_only_all,-0.36982745734480793
H+L_quat_only_none,-0.7133549723461958
H+L_quat_only_gender,-0.705596959149245
H+L_quat_only_a_build_time,-0.618532319716415
H+L_quat_only_b_build_time,-0.7133549723461958
H+L_quat_only_gender_a_build_time,-0.5843387644408382
H+L_quat_only_gender_b_build_time,-0.705596959149245
H+L_quat_only_a_build_time_b_build_time,-0.618532319716415
H+L_quat_only_all,-0.5843387644408382
H+L_sixD_only_none,-0.6592058339917577
H+L_sixD_only_gender,-0.6275683871105515
H+L_sixD_only_a_build_time,-0.6846548079181705
H+L_sixD_only_b_build_time,-0.6592058339917577
H+L_sixD_only_gender_a_build_time,-0.608464840163147
H+L_sixD_only_gender_b_build_time,-0.6275683871105515
H+L_sixD_only_a_build_time_b_build_time,-0.6846548079181705
H+L_sixD_only_all,-0.608464840163147
H+L_position_euler_none,-0.4040210126203847
H+L_position_euler_gender,-0.4194473510004484
H+L_position_euler_a_build_time,-0.3490422601379488
H+L_position_euler_b_build_time,-0.4040210126203847
H+L_position_euler_gender_a_build_time,-0.38213713724401543
H+L_position_euler_gender_b_build_time,-0.4194473510004484
H+L_position_euler_a_build_time_b_build_time,-0.3490422601379488
H+L_position_euler_all,-0.38213713724401543
H+L_position_quat_none,-0.44027739221422646
H+L_position_quat_gender,-0.434447671314784
H+L_position_quat_a_build_time,-0.5107721710905637
H+L_position_quat_b_build_time,-0.44027739221422646
H+L_position_quat_gender_a_build_time,-0.4867357833820922
H+L_position_quat_gender_b_build_time,-0.434447671314784
H+L_position_quat_a_build_time_b_build_time,-0.5107721710905637
H+L_position_quat_all,-0.4867357833820922
H+L_position_sixD_none,-0.4071825151081594
H+L_position_sixD_gender,-0.35453565098550066
H+L_position_sixD_a_build_time,-0.3753432701958188
H+L_position_sixD_b_build_time,-0.4071825151081594
H+L_position_sixD_gender_a_build_time,-0.3707243374831837
H+L_position_sixD_gender_b_build_time,-0.35453565098550066
H+L_position_sixD_a_build_time_b_build_time,-0.3753432701958188
H+L_position_sixD_all,-0.3707243374831837
H+L_euler_quat_none,-0.48565952721604133
H+L_euler_quat_gender,-0.4753678276281792
H+L_euler_quat_a_build_time,-0.5135524995195286
H+L_euler_quat_b_build_time,-0.48565952721604133
H+L_euler_quat_gender_a_build_time,-0.5276559396954881
H+L_euler_quat_gender_b_build_time,-0.4753678276281792
H+L_euler_quat_a_build_time_b_build_time,-0.5135524995195286
H+L_euler_quat_all,-0.5276559396954881
H+L_euler_sixD_none,-0.4912650280808899
H+L_euler_sixD_gender,-0.45090542185397964
H+L_euler_sixD_a_build_time,-0.45420145636251075
H+L_euler_sixD_b_build_time,-0.4912650280808899
H+L_euler_sixD_gender_a_build_time,-0.41316919003181796
H+L_euler_sixD_gender_b_build_time,-0.45090542185397964
H+L_euler_sixD_a_build_time_b_build_time,-0.45420145636251075
H+L_euler_sixD_all,-0.41316919003181796
H+L_quat_sixD_none,-0.621581712186893
H+L_quat_sixD_gender,-0.6487571803796794
H+L_quat_sixD_a_build_time,-0.6274786990967138
H+L_quat_sixD_b_build_time,-0.621581712186893
H+L_quat_sixD_gender_a_build_time,-0.6010207350146277
H+L_quat_sixD_gender_b_build_time,-0.6487571803796794
H+L_quat_sixD_a_build_time_b_build_time,-0.6274786990967138
H+L_quat_sixD_all,-0.6010207350146277
H+L_position_euler_quat_none,-0.3715763736146407
H+L_position_euler_quat_gender,-0.4192903969762327
H+L_position_euler_quat_a_build_time,-0.36969292532405174
H+L_position_euler_quat_b_build_time,-0.3715763736146407
H+L_position_euler_quat_gender_a_build_time,-0.43848363193747497
H+L_position_euler_quat_gender_b_build_time,-0.4192903969762327
H+L_position_euler_quat_a_build_time_b_build_time,-0.36969292532405174
H+L_position_euler_quat_all,-0.43848363193747497
H+L_position_euler_sixD_none,-0.3529885327468023
H+L_position_euler_sixD_gender,-0.34527536355677046
H+L_position_euler_sixD_a_build_time,-0.3633026543381239
H+L_position_euler_sixD_b_build_time,-0.3529885327468023
H+L_position_euler_sixD_gender_a_build_time,-0.3658139187255758
H+L_position_euler_sixD_gender_b_build_time,-0.34527536355677046
H+L_position_euler_sixD_a_build_time_b_build_time,-0.3633026543381239
H+L_position_euler_sixD_all,-0.3658139187255758
H+L_position_quat_sixD_none,-0.559786670652801
H+L_position_quat_sixD_gender,-0.5887783211257984
H+L_position_quat_sixD_a_build_time,-0.5239338871212287
H+L_position_quat_sixD_b_build_time,-0.559786670652801
H+L_position_quat_sixD_gender_a_build_time,-0.5420508659164194
H+L_position_quat_sixD_gender_b_build_time,-0.5887783211257984
H+L_position_quat_sixD_a_build_time_b_build_time,-0.5239338871212287
H+L_position_quat_sixD_all,-0.5420508659164194
H+L_euler_quat_sixD_none,-0.508642080761921
H+L_euler_quat_sixD_gender,-0.5470061286809458
H+L_euler_quat_sixD_a_build_time,-0.5032607999316663
H+L_euler_quat_sixD_b_build_time,-0.508642080761921
H+L_euler_quat_sixD_gender_a_build_time,-0.49660146490422585
H+L_euler_quat_sixD_gender_b_build_time,-0.5470061286809458
H+L_euler_quat_sixD_a_build_time_b_build_time,-0.5032607999316663
H+L_euler_quat_sixD_all,-0.49660146490422585
H+L_position_euler_quat_sixD_none,-0.4011061521706638
H+L_position_euler_quat_sixD_gender,-0.3992227038800744
H+L_position_euler_quat_sixD_a_build_time,-0.4225415874778451
H+L_position_euler_quat_sixD_b_build_time,-0.4011061521706638
H+L_position_euler_quat_sixD_gender_a_build_time,-0.40236178436438985
H+L_position_euler_quat_sixD_gender_b_build_time,-0.3992227038800744
H+L_position_euler_quat_sixD_a_build_time_b_build_time,-0.4225415874778451
H+L_position_euler_quat_sixD_all,-0.40236178436438985
H+R_position_only_none,-0.33480428794123296
H+R_position_only_gender,-0.3676301010057872
H+R_position_only_a_build_time,-0.30735975570693364
H+R_position_only_b_build_time,-0.33480428794123296
H+R_position_only_gender_a_build_time,-0.38343761344466043
H+R_position_only_gender_b_build_time,-0.3676301010057872
H+R_position_only_a_build_time_b_build_time,-0.30735975570693364
H+R_position_only_all,-0.38343761344466043
H+R_euler_only_none,-0.3617779581028848
H+R_euler_only_gender,-0.39287727690106555
H+R_euler_only_a_build_time,-0.3322481795468619
H+R_euler_only_b_build_time,-0.3617779581028848
H+R_euler_only_gender_a_build_time,-0.4364432296226701
H+R_euler_only_gender_b_build_time,-0.39287727690106555
H+R_euler_only_a_build_time_b_build_time,-0.3322481795468619
H+R_euler_only_all,-0.4364432296226701
H+R_quat_only_none,-0.527431719660894
H+R_quat_only_gender,-0.5670738217771043
H+R_quat_only_a_build_time,-0.5232163830105279
H+R_quat_only_b_build_time,-0.527431719660894
H+R_quat_only_gender_a_build_time,-0.47478485553823524
H+R_quat_only_gender_b_build_time,-0.5670738217771043
H+R_quat_only_a_build_time_b_build_time,-0.5232163830105279
H+R_quat_only_all,-0.47478485553823524
H+R_sixD_only_none,-0.4175863247133189
H+R_sixD_only_gender,-0.42736231822161463
H+R_sixD_only_a_build_time,-0.3786617267078094
H+R_sixD_only_b_build_time,-0.4175863247133189
H+R_sixD_only_gender_a_build_time,-0.34700185782314397
H+R_sixD_only_gender_b_build_time,-0.42736231822161463
H+R_sixD_only_a_build_time_b_build_time,-0.3786617267078094
H+R_sixD_only_all,-0.34700185782314397
H+R_position_euler_none,-0.3247592303914244
H+R_position_euler_gender,-0.32491618441563985
H+R_position_euler_a_build_time,-0.386374895897841
H+R_position_euler_b_build_time,-0.3247592303914244
H+R_position_euler_gender_a_build_time,-0.38572465779751863
H+R_position_euler_gender_b_build_time,-0.32491618441563985
H+R_position_euler_a_build_time_b_build_time,-0.386374895897841
H+R_position_euler_all,-0.38572465779751863
H+R_position_quat_none,-0.43599478955348214
H+R_position_quat_gender,-0.47646650579768957
H+R_position_quat_a_build_time,-0.4396271541139041
H+R_position_quat_b_build_time,-0.43599478955348214
H+R_position_quat_gender_a_build_time,-0.45182472399581464
H+R_position_quat_gender_b_build_time,-0.47646650579768957
H+R_position_quat_a_build_time_b_build_time,-0.4396271541139041
H+R_position_quat_all,-0.45182472399581464
H+R_position_sixD_none,-0.3072476456896369
H+R_position_sixD_gender,-0.3186604454504689
H+R_position_sixD_a_build_time,-0.29274060945140823
H+R_position_sixD_b_build_time,-0.3072476456896369
H+R_position_sixD_gender_a_build_time,-0.30099190672446574
H+R_position_sixD_gender_b_build_time,-0.3186604454504689
H+R_position_sixD_a_build_time_b_build_time,-0.29274060945140823
H+R_position_sixD_all,-0.30099190672446574
H+R_euler_quat_none,-0.35446838497512245
H+R_euler_quat_gender,-0.36657626684319555
H+R_euler_quat_a_build_time,-0.3614640500544537
H+R_euler_quat_b_build_time,-0.35446838497512245
H+R_euler_quat_gender_a_build_time,-0.38989515044096623
H+R_euler_quat_gender_b_build_time,-0.36657626684319555
H+R_euler_quat_a_build_time_b_build_time,-0.3614640500544537
H+R_euler_quat_all,-0.38989515044096623
H+R_euler_sixD_none,-0.30881718593179475
H+R_euler_sixD_gender,-0.269892587926285
H+R_euler_sixD_a_build_time,-0.39231672681458085
H+R_euler_sixD_b_build_time,-0.30881718593179475
H+R_euler_sixD_gender_a_build_time,-0.3558137051826862
H+R_euler_sixD_gender_b_build_time,-0.269892587926285
H+R_euler_sixD_a_build_time_b_build_time,-0.39231672681458085
H+R_euler_sixD_all,-0.3558137051826862
H+R_quat_sixD_none,-0.5093147408657033
H+R_quat_sixD_gender,-0.4966687309146043
H+R_quat_sixD_a_build_time,-0.49532341070704056
H+R_quat_sixD_b_build_time,-0.5093147408657033
H+R_quat_sixD_gender_a_build_time,-0.4942695765444489
H+R_quat_sixD_gender_b_build_time,-0.4966687309146043
H+R_quat_sixD_a_build_time_b_build_time,-0.49532341070704056
H+R_quat_sixD_all,-0.4942695765444489
H+R_position_euler_quat_none,-0.4221604134190353
H+R_position_euler_quat_gender,-0.36823549509919085
H+R_position_euler_quat_a_build_time,-0.4081690832603728
H+R_position_euler_quat_b_build_time,-0.4221604134190353
H+R_position_euler_quat_gender_a_build_time,-0.39200281876614906
H+R_position_euler_quat_gender_b_build_time,-0.36823549509919085
H+R_position_euler_quat_a_build_time_b_build_time,-0.4081690832603728
H+R_position_euler_quat_all,-0.39200281876614906
H+R_position_euler_sixD_none,-0.29998291656879283
H+R_position_euler_sixD_gender,-0.2748702726942709
H+R_position_euler_sixD_a_build_time,-0.2879647227145574
H+R_position_euler_sixD_b_build_time,-0.29998291656879283
H+R_position_euler_sixD_gender_a_build_time,-0.26312114288154764
H+R_position_euler_sixD_gender_b_build_time,-0.2748702726942709
H+R_position_euler_sixD_a_build_time_b_build_time,-0.2879647227145574
H+R_position_euler_sixD_all,-0.26312114288154764
H+R_position_quat_sixD_none,-0.3214183518759741
H+R_position_quat_sixD_gender,-0.34787631595806023
H+R_position_quat_sixD_a_build_time,-0.3005210446518183
H+R_position_quat_sixD_b_build_time,-0.3214183518759741
H+R_position_quat_sixD_gender_a_build_time,-0.3303871532597322
H+R_position_quat_sixD_gender_b_build_time,-0.34787631595806023
H+R_position_quat_sixD_a_build_time_b_build_time,-0.3005210446518183
H+R_position_quat_sixD_all,-0.3303871532597322
H+R_euler_quat_sixD_none,-0.38258557731320364
H+R_euler_quat_sixD_gender,-0.37783211257981186
H+R_euler_quat_sixD_a_build_time,-0.41998547908347383
H+R_euler_quat_sixD_b_build_time,-0.38258557731320364
H+R_euler_quat_sixD_gender_a_build_time,-0.34545473958444584
H+R_euler_quat_sixD_gender_b_build_time,-0.37783211257981186
H+R_euler_quat_sixD_a_build_time_b_build_time,-0.41998547908347383
H+R_euler_quat_sixD_all,-0.34545473958444584
H+R_position_euler_quat_sixD_none,-0.38805654615729557
H+R_position_euler_quat_sixD_gender,-0.35415447692669066
H+R_position_euler_quat_sixD_a_build_time,-0.3079651498003373
H+R_position_euler_quat_sixD_b_build_time,-0.38805654615729557
H+R_position_euler_quat_sixD_gender_a_build_time,-0.30428794123299685
H+R_position_euler_quat_sixD_gender_b_build_time,-0.35415447692669066
H+R_position_euler_quat_sixD_a_build_time_b_build_time,-0.3079651498003373
H+R_position_euler_quat_sixD_all,-0.30428794123299685
L+R_position_only_none,-0.495413098720878
L+R_position_only_gender,-0.47218390313694525
L+R_position_only_a_build_time,-0.5342480087125501
L+R_position_only_b_build_time,-0.495413098720878
L+R_position_only_gender_a_build_time,-0.40895385338145207
L+R_position_only_gender_b_build_time,-0.47218390313694525
L+R_position_only_a_build_time_b_build_time,-0.5342480087125501
L+R_position_only_all,-0.40895385338145207
L+R_euler_only_none,-0.520054880522753
L+R_euler_only_gender,-0.5625445770783062
L+R_euler_only_a_build_time,-0.5904599713852527
L+R_euler_only_b_build_time,-0.520054880522753
L+R_euler_only_gender_a_build_time,-0.5749215229878923
L+R_euler_only_gender_b_build_time,-0.5625445770783062
L+R_euler_only_a_build_time_b_build_time,-0.5904599713852527
L+R_euler_only_all,-0.5749215229878923
L+R_quat_only_none,-0.8424608682653911
L+R_quat_only_gender,-0.8178639304704352
L+R_quat_only_a_build_time,-0.8850402528347818
L+R_quat_only_b_build_time,-0.8424608682653911
L+R_quat_only_gender_a_build_time,-0.8243214674667407
L+R_quat_only_gender_b_build_time,-0.8178639304704352
L+R_quat_only_a_build_time_b_build_time,-0.8850402528347818
L+R_quat_only_all,-0.8243214674667407
L+R_sixD_only_none,-0.6832870657071475
L+R_sixD_only_gender,-0.6988255141045079
L+R_sixD_only_a_build_time,-0.6706634777595082
L+R_sixD_only_b_build_time,-0.6832870657071475
L+R_sixD_only_gender_a_build_time,-0.6718294219393968
L+R_sixD_only_gender_b_build_time,-0.6988255141045079
L+R_sixD_only_a_build_time_b_build_time,-0.6706634777595082
L+R_sixD_only_all,-0.6718294219393968
L+R_position_euler_none,-0.40861752332956125
L+R_position_euler_gender,-0.34879561809989545
L+R_position_euler_a_build_time,-0.41130816374468804
L+R_position_euler_b_build_time,-0.40861752332956125
L+R_position_euler_gender_a_build_time,-0.3930118089218222
L+R_position_euler_gender_b_build_time,-0.34879561809989545
L+R_position_euler_a_build_time_b_build_time,-0.41130816374468804
L+R_position_euler_all,-0.3930118089218222
L+R_position_quat_none,-0.5422975079544727
L+R_position_quat_gender,-0.513417967498772
L+R_position_quat_a_build_time,-0.5332390185568774
L+R_position_quat_b_build_time,-0.5422975079544727
L+R_position_quat_gender_a_build_time,-0.4596948472100624
L+R_position_quat_gender_b_build_time,-0.513417967498772
L+R_position_quat_a_build_time_b_build_time,-0.5332390185568774
L+R_position_quat_all,-0.4596948472100624
L+R_position_sixD_none,-0.4255461359414041
L+R_position_sixD_gender,-0.4405016122488201
L+R_position_sixD_a_build_time,-0.4041107006342224
L+R_position_sixD_b_build_time,-0.4255461359414041
L+R_position_sixD_gender_a_build_time,-0.36964808131713234
L+R_position_sixD_gender_b_build_time,-0.4405016122488201
L+R_position_sixD_a_build_time_b_build_time,-0.4041107006342224
L+R_position_sixD_all,-0.36964808131713234
L+R_euler_quat_none,-0.6877938884024857
L+R_euler_quat_gender,-0.6839148818040106
L+R_euler_quat_a_build_time,-0.7060005552115141
L+R_euler_quat_b_build_time,-0.6877938884024857
L+R_euler_quat_gender_a_build_time,-0.6729729441158259
L+R_euler_quat_gender_b_build_time,-0.6839148818040106
L+R_euler_quat_a_build_time_b_build_time,-0.7060005552115141
L+R_euler_quat_all,-0.6729729441158259
L+R_euler_sixD_none,-0.7144536505157062
L+R_euler_sixD_gender,-0.7049018770420039
L+R_euler_sixD_a_build_time,-0.7324585192936004
L+R_euler_sixD_b_build_time,-0.7144536505157062
L+R_euler_sixD_gender_a_build_time,-0.7087808836404794
L+R_euler_sixD_gender_b_build_time,-0.7049018770420039
L+R_euler_sixD_a_build_time_b_build_time,-0.7324585192936004
L+R_euler_sixD_all,-0.7087808836404794
L+R_quat_sixD_none,-0.7582662452753639
L+R_quat_sixD_gender,-0.6956640116167334
L+R_quat_sixD_a_build_time,-0.7237363599478956
L+R_quat_sixD_b_build_time,-0.7582662452753639
L+R_quat_sixD_gender_a_build_time,-0.6952155715475457
L+R_quat_sixD_gender_b_build_time,-0.6956640116167334
L+R_quat_sixD_a_build_time_b_build_time,-0.7237363599478956
L+R_quat_sixD_all,-0.6952155715475457
L+R_position_euler_quat_none,-0.533911678660659
L+R_position_euler_quat_gender,-0.55202865745585
L+R_position_euler_quat_a_build_time,-0.5210862926818853
L+R_position_euler_quat_b_build_time,-0.533911678660659
L+R_position_euler_quat_gender_a_build_time,-0.5050321382049583
L+R_position_euler_quat_gender_b_build_time,-0.55202865745585
L+R_position_euler_quat_a_build_time_b_build_time,-0.5210862926818853
L+R_position_euler_quat_all,-0.5050321382049583
L+R_position_euler_sixD_none,-0.5112430331632112
L+R_position_euler_sixD_gender,-0.5746524589463797
L+R_position_euler_sixD_a_build_time,-0.6257746268337998
L+R_position_euler_sixD_b_build_time,-0.5112430331632112
L+R_position_euler_sixD_gender_a_build_time,-0.5664011616733222
L+R_position_euler_sixD_gender_b_build_time,-0.5746524589463797
L+R_position_euler_sixD_a_build_time_b_build_time,-0.6257746268337998
L+R_position_euler_sixD_all,-0.5664011616733222
L+R_position_quat_sixD_none,-0.5635311452305198
L+R_position_quat_sixD_gender,-0.5602126887185293
L+R_position_quat_sixD_a_build_time,-0.5371628691622714
L+R_position_quat_sixD_b_build_time,-0.5635311452305198
L+R_position_quat_sixD_gender_a_build_time,-0.5962672702812359
L+R_position_quat_sixD_gender_b_build_time,-0.5602126887185293
L+R_position_quat_sixD_a_build_time_b_build_time,-0.5371628691622714
L+R_position_quat_sixD_all,-0.5962672702812359
L+R_euler_quat_sixD_none,-0.7858004655235005
L+R_euler_quat_sixD_gender,-0.8012043819001049
L+R_euler_quat_sixD_a_build_time,-0.7543199726665102
L+R_euler_quat_sixD_b_build_time,-0.7858004655235005
L+R_euler_quat_sixD_gender_a_build_time,-0.7728629695274296
L+R_euler_quat_sixD_gender_b_build_time,-0.8012043819001049
L+R_euler_quat_sixD_a_build_time_b_build_time,-0.7543199726665102
L+R_euler_quat_sixD_all,-0.7728629695274296
L+R_position_euler_quat_sixD_none,-0.6421875333660767
L+R_position_euler_quat_sixD_gender,-0.6281962032074142
L+R_position_euler_quat_sixD_a_build_time,-0.62057272203122
L+R_position_euler_quat_sixD_b_build_time,-0.6421875333660767
L+R_position_euler_quat_sixD_gender_a_build_time,-0.6069401439279078
L+R_position_euler_quat_sixD_gender_b_build_time,-0.6281962032074142
L+R_position_euler_quat_sixD_a_build_time_b_build_time,-0.62057272203122
L+R_position_euler_quat_sixD_all,-0.6069401439279078
H+L+R_position_only_none,-0.2630987208780884
H+L+R_position_only_gender,-0.1937698861816397
H+L+R_position_only_a_build_time,-0.1959223985137415
H+L+R_position_only_b_build_time,-0.2630987208780884
H+L+R_position_only_gender_a_build_time,-0.22686476328770633
H+L+R_position_only_gender_b_build_time,-0.1937698861816397
H+L+R_position_only_a_build_time_b_build_time,-0.1959223985137415
H+L+R_position_only_all,-0.22686476328770633
H+L+R_euler_only_none,-0.5577014243310772
H+L+R_euler_only_gender,-0.4850541331226381
H+L+R_euler_only_a_build_time,-0.4547171624420765
H+L+R_euler_only_b_build_time,-0.5577014243310772
H+L+R_euler_only_gender_a_build_time,-0.4421159964978969
H+L+R_euler_only_gender_b_build_time,-0.4850541331226381
H+L+R_euler_only_a_build_time_b_build_time,-0.4547171624420765
H+L+R_euler_only_all,-0.4421159964978969
H+L+R_quat_only_none,-0.6345864741933418
H+L+R_quat_only_gender,-0.6038459074505114
H+L+R_quat_only_a_build_time,-0.5997875248243612
H+L+R_quat_only_b_build_time,-0.6345864741933418
H+L+R_quat_only_gender_a_build_time,-0.6142272950522114
H+L+R_quat_only_gender_b_build_time,-0.6038459074505114
H+L+R_quat_only_a_build_time_b_build_time,-0.5997875248243612
H+L+R_quat_only_all,-0.6142272950522114
H+L+R_sixD_only_none,-0.5111981891562922
H+L+R_sixD_only_gender,-0.5340462106814154
H+L+R_sixD_only_a_build_time,-0.5058617523329563
H+L+R_sixD_only_b_build_time,-0.5111981891562922
H+L+R_sixD_only_gender_a_build_time,-0.5160861859104402
H+L+R_sixD_only_gender_b_build_time,-0.5340462106814154
H+L+R_sixD_only_a_build_time_b_build_time,-0.5058617523329563
H+L+R_sixD_only_all,-0.5160861859104402
H+L+R_position_euler_none,-0.2961487539772363
H+L+R_position_euler_gender,-0.305386619402507
H+L+R_position_euler_a_build_time,-0.272560806337953
H+L+R_position_euler_b_build_time,-0.2961487539772363
H+L+R_position_euler_gender_a_build_time,-0.26628264536932256
H+L+R_position_euler_gender_b_build_time,-0.305386619402507
H+L+R_position_euler_a_build_time_b_build_time,-0.272560806337953
H+L+R_position_euler_all,-0.26628264536932256
H+L+R_position_quat_none,-0.466421448247881
H+L+R_position_quat_gender,-0.47592837771466434
H+L+R_position_quat_a_build_time,-0.4349409553908907
H+L+R_position_quat_b_build_time,-0.466421448247881
H+L+R_position_quat_gender_a_build_time,-0.4718924170919734
H+L+R_position_quat_gender_b_build_time,-0.47592837771466434
H+L+R_position_quat_a_build_time_b_build_time,-0.4349409553908907
H+L+R_position_quat_all,-0.4718924170919734
H+L+R_position_sixD_none,-0.47805846804330665
H+L+R_position_sixD_gender,-0.42245189946400763
H+L+R_position_sixD_a_build_time,-0.46397744987080647
H+L+R_position_sixD_b_build_time,-0.47805846804330665
H+L+R_position_sixD_gender_a_build_time,-0.39052296653782914
H+L+R_position_sixD_gender_b_build_time,-0.42245189946400763
H+L+R_position_sixD_a_build_time_b_build_time,-0.46397744987080647
H+L+R_position_sixD_all,-0.39052296653782914
H+L+R_euler_quat_none,-0.5390014734459416
H+L+R_euler_quat_gender,-0.5510869333105555
H+L+R_euler_quat_a_build_time,-0.47664588182536494
H+L+R_euler_quat_b_build_time,-0.5390014734459416
H+L+R_euler_quat_gender_a_build_time,-0.48157872258643164
H+L+R_euler_quat_gender_b_build_time,-0.5510869333105555
H+L+R_euler_quat_a_build_time_b_build_time,-0.47664588182536494
H+L+R_euler_quat_all,-0.48157872258643164
H+L+R_euler_sixD_none,-0.32944542911443797
H+L+R_euler_sixD_gender,-0.32953511712827543
H+L+R_euler_sixD_a_build_time,-0.34953554421405575
H+L+R_euler_sixD_b_build_time,-0.32944542911443797
H+L+R_euler_sixD_gender_a_build_time,-0.35240556065685813
H+L+R_euler_sixD_gender_b_build_time,-0.32953511712827543
H+L+R_euler_sixD_a_build_time_b_build_time,-0.34953554421405575
H+L+R_euler_sixD_all,-0.35240556065685813
H+L+R_quat_sixD_none,-0.5933748318349739
H+L+R_quat_sixD_gender,-0.5604817527600421
H+L+R_quat_sixD_a_build_time,-0.578935061607124
H+L+R_quat_sixD_b_build_time,-0.5933748318349739
H+L+R_quat_sixD_gender_a_build_time,-0.5805718678596596
H+L+R_quat_sixD_gender_b_build_time,-0.5604817527600421
H+L+R_quat_sixD_a_build_time_b_build_time,-0.578935061607124
H+L+R_quat_sixD_all,-0.5805718678596596
H+L+R_position_euler_quat_none,-0.421846505370604
H+L+R_position_euler_quat_gender,-0.39740652159986345
H+L+R_position_euler_quat_a_build_time,-0.35446838497512223
H+L+R_position_euler_quat_b_build_time,-0.421846505370604
H+L+R_position_euler_quat_gender_a_build_time,-0.30771850776228415
H+L+R_position_euler_quat_gender_b_build_time,-0.39740652159986345
H+L+R_position_euler_quat_a_build_time_b_build_time,-0.35446838497512223
H+L+R_position_euler_quat_all,-0.30771850776228415
H+L+R_position_euler_sixD_none,-0.3715987956180997
H+L+R_position_euler_sixD_gender,-0.4163531145230519
H+L+R_position_euler_sixD_a_build_time,-0.3532127527813962
H+L+R_position_euler_sixD_b_build_time,-0.3715987956180997
H+L+R_position_euler_sixD_gender_a_build_time,-0.4042452326549788
H+L+R_position_euler_sixD_gender_b_build_time,-0.4163531145230519
H+L+R_position_euler_sixD_a_build_time_b_build_time,-0.3532127527813962
H+L+R_position_euler_sixD_all,-0.4042452326549788
H+L+R_position_quat_sixD_none,-0.5291582139272673
H+L+R_position_quat_sixD_gender,-0.5266469495398154
H+L+R_position_quat_sixD_a_build_time,-0.5446742403211686
H+L+R_position_quat_sixD_b_build_time,-0.5291582139272673
H+L+R_position_quat_sixD_gender_a_build_time,-0.5300550940656432
H+L+R_position_quat_sixD_gender_b_build_time,-0.5266469495398154
H+L+R_position_quat_sixD_a_build_time_b_build_time,-0.5446742403211686
H+L+R_position_quat_sixD_all,-0.5300550940656432
H+L+R_euler_quat_sixD_none,-0.45447052040402336
H+L+R_euler_quat_sixD_gender,-0.4404791902453611
H+L+R_euler_quat_sixD_a_build_time,-0.45276644814110933
H+L+R_euler_quat_sixD_b_build_time,-0.45447052040402336
H+L+R_euler_quat_sixD_gender_a_build_time,-0.43841636592709676
H+L+R_euler_quat_sixD_gender_b_build_time,-0.4404791902453611
H+L+R_euler_quat_sixD_a_build_time_b_build_time,-0.45276644814110933
H+L+R_euler_quat_sixD_all,-0.43841636592709676
H+L+R_position_euler_quat_sixD_none,-0.45913429712357745
H+L+R_position_euler_quat_sixD_gender,-0.45330457622413456
H+L+R_position_euler_quat_sixD_a_build_time,-0.4672062183689596
H+L+R_position_euler_quat_sixD_b_build_time,-0.45913429712357745
H+L+R_position_euler_quat_sixD_gender_a_build_time,-0.46272181767708065
H+L+R_position_euler_quat_sixD_gender_b_build_time,-0.45330457622413456
H+L+R_position_euler_quat_sixD_a_build_time_b_build_time,-0.4672062183689596
H+L+R_position_euler_quat_sixD_all,-0.46272181767708065
